Date,Heure,Energie,Index,
06/11/2019,12:00,Pisc,0,
06/11/2020,12:00,Pisc,0,
19/03/2021,11:00,Pisc,0.2,
20/03/2021,11:00,Haut,100018,
20/03/2021,11:00,Bas,177160,
20/03/2021,11:00,Eau,1819.19,
11/04/2021,22:20,Pisc,4.9,
11/04/2021,22:20,Haut,100291.8,
11/04/2021,22:20,Bas,177292,
11/04/2021,22:20,Eau,1825.938,
10/05/2021,22:20,Pisc,252.7,
10/05/2021,22:20,Haut,100714.7,
10/05/2021,22:20,Bas,177615.4,
10/05/2021,22:20,Eau,1837.359,
07/06/2021,22:00,Pisc,808.8,
07/06/2021,22:00,Haut,101182.7,
07/06/2021,22:00,Bas,178184.8,
07/06/2021,22:00,Eau,1848.817,
08/08/2021,19:31,Eau,1867.6,
08/08/2021,19:31,Pisc,1775.2,
14/09/2021,07:00,Eau,1879.45,
14/09/2021,07:00,Pisc,2408.09,
14/09/2021,07:00,Haut,102424,
14/09/2021,07:00,Bas,179843,
12/10/2021,09:00,Eau,1887.6,
12/10/2021,09:00,Pisc,2838.1,
12/10/2021,09:00,Haut,102748.8,
12/10/2021,09:00,Bas,180370,
08/11/2021,21:55,Eau,1896.145,
10/12/2021,16:55,Eau,1906,
10/12/2021,16:55,Pisc,3047.9,
10/12/2021,16:55,Haut,103388.8,
10/12/2021,16:55,Bas,180994.5,
09/01/2022,14:00,Eau,1915,
09/01/2022,14:00,Pisc,3059.9,
09/01/2022,14:00,Haut,103807,
09/01/2022,14:00,Bas,181210,
07/02/2022,14:00,Eau,1921.83,
07/02/2022,14:00,Pisc,3060,
07/02/2022,14:00,Haut,104183.2,
09/02/2022,14:00,Bas,181403.4,
12/05/2022,13:27,Haut,105278.9,
12/05/2022,13:27,Bas,182384,
12/05/2022,13:27,Eau,1947.65,
12/05/2022,13:27,Pisc,3684.1,
10/06/2022,19:00,Haut,106610,
10/06/2022,19:00,Bas,182830,
10/06/2022,19:00,Pisc,4089.1,
10/06/2022,19:00,Eau,1956.27,
07/07/2022,19:00,Haut,105911,
07/07/2022,19:00,Bas,183158,
07/07/2022,19:00,Pisc,4414.7,
07/07/2022,19:00,Eau,1964.21,
08/08/2022,21:00,Haut,106290,
08/08/2022,21:00,Bas,183523,
08/08/2022,21:00,Pisc,4823.2,
08/08/2022,21:00,Eau,1974.53,
11/09/2022,11:30,Haut,106599.9,
11/09/2022,11:30,Bas,183915.5,
11/09/2022,11:30,Pisc,5202.5,
11/09/2022,11:30,Eau,1983.55,
08/10/2022,11:30,Haut,106898,
08/10/2022,11:30,Bas,184159,
08/10/2022,11:30,Pisc,5364.3,
08/10/2022,11:30,Eau,1989.65,
05/11/2022,11:30,Haut,107140,
05/11/2022,11:30,Bas,184295,
05/11/2022,11:30,Pisc,5364.3,
05/11/2022,11:30,Eau,1994,
08/12/2022,20:30,Haut,107483,
08/12/2022,20:30,Bas,184498,
08/12/2022,20:30,Pisc,5364.5,
08/12/2022,20:30,Eau,2001.33,
09/01/2023,21:30,Haut,107867,
09/01/2023,21:30,Bas,184716,
09/01/2023,21:30,Pisc,5364.5,
09/01/2023,21:30,Eau,2007.73,
10/02/2023,14:30,Haut,108242,
10/02/2023,2:30,Bas,184944,
10/02/2023,21:30,Pisc,5364.5,
10/02/2023,21:30,Eau,2013.82,
06/03/2023,10:45,Haut,108530,
06/03/2023,10:45,Bas,185113,
06/03/2023,10:45,Pisc,5364.5,
06/03/2023,10:45,Eau,2018.55,
05/03/2023,22:00,Solar,0,
06/03/2023,22:00,Solar,8.2,
07/03/2023,22:00,Solar,16.4,
08/03/2023,22:00,Solar,17.76,
09/03/2023,22:00,Solar,29.02,
10/03/2023,22:00,Solar,37.21,
11/03/2023,22:00,Solar,65.26,
12/03/2023,22:00,Solar,76.24,
13/03/2023,22:00,Solar,89.22,
13/03/2023,22:00,Bas,185123,
14/03/2023,22:00,Solar,95.79,
14/03/2023,22:00,Bas,185127.3,
15/03/2023,22:00,Solar,117.92,
15/03/2023,22:00,Bas,185118,
16/03/2023,22:00,Solar,146.63,
16/03/2023,22:00,Bas,185097.6,
17/03/2023,22:00,Solar,171.62,
17/03/2023,22:00,Bas,185083.1,
18/03/2023,22:00,Solar,198.3,
18/03/2023,22:00,Bas,185083.1,
18/03/2023,22:00,Haut,108604.7,
19/03/2023,22:00,Solar,213.11,
19/03/2023,22:00,Haut,108608.4,
19/03/2023,22:00,Bas,185083.1,
20/03/2023,22:00,Solar,226.13,
21/03/2023,22:00,Solar,245.24,
22/03/2023,22:00,Solar,261.31,
20/03/2023,22:00,Haut,108613.07,
21/03/2023,22:00,Haut,108620,
22/03/2023,22:00,Haut,108621,
20/03/2023,22:00,Bas,185078,
21/03/2023,22:00,Bas,185069,
22/03/2023,22:00,Bas,185064,
23/03/2023,22:00,Haut,108636,
23/03/2023,22:00,Solar,273.8,
24/03/2023,22:00,Solar,301.91,
24/03/2023,22:00,Haut,108644,
25/03/2023,22:00,Solar,324.69,
26/03/2023,22:00,Solar,333.23,
27/03/2023,22:00,Solar,349.21,
28/03/2023,22:00,Solar,394.84,
29/03/2023,22:00,Solar,414,
30/03/2023,22:00,Solar,434,
31/03/2023,22:00,Solar,454,
01/04/2023,22:00,Solar,463,
02/04/2023,22:00,Solar,467.34,
03/04/2023,22:00,Solar,515.82,
04/04/2023,22:00,Solar,562.64,
05/04/2023,22:00,Solar,609.46,
06/04/2023,22:00,Solar,624.5,
07/04/2023,22:00,Solar,636.02,
08/04/2023,22:00,Solar,657.34,
09/04/2023,22:00,Solar,700.64,
10/04/2023,22:00,Solar,722.63,
11/04/2023,22:00,Solar,761.55,
12/04/2023,08:42,Haut,108736.7,
12/04/2023,08:42,Bas,184835.4,
12/04/2023,08:42,Pisc,5364.5,
12/04/2023,08:42,Eau,2025.99,
12/04/2023,22:00,Solar,785.4,
13/04/2023,22:00,Solar,816.84,
14/04/2023,22:00,Solar,852.77,
15/04/2023,22:00,Solar,894.71,
16/04/2023,22:00,Solar,899.55,
17/04/2023,22:00,Solar,913.83,
18/04/2023,22:00,Solar,954.52,
19/04/2023,22:00,Solar,993.92,
20/04/2023,22:00,Solar,1050,
21/04/2023,22:00,Solar,1080,
23/04/2023,22:00,Solar,1110,
24/04/2023,22:00,Solar,1120,
25/04/2023,22:00,Solar,1140,
26/04/2023,22:00,Solar,1190,
27/04/2023,22:00,Solar,1230,
28/04/2023,22:00,Solar,1260,
29/04/2023,22:00,Solar,1270,
30/04/2023,22:00,Solar,1320,
01/05/2023,22:00,Solar,1340,
03/05/2023,22:00,Solar,1420,
04/05/2023,22:00,Solar,1480,
06/05/2023,22:00,Solar,1480,
09/05/2023,21:00,Pisc,5720.02,
09/05/2023,21:00,Eau,2032.5,
09/05/2023,21:00,Haut,108884,
09/05/2023,21:00,Bas,184671,
09/05/2023,21:00,Solar,1590,
13/05/2023,21:00,Solar,1700,
14/05/2023,21:00,Solar,1740,
19/05/2023,21:00,Solar,1970,
21/05/2023,21:00,Solar,2060,
28/05/2023,21:00,Pisc,6156.9,
28/05/2023,21:00,Eau,2036.5,
28/05/2023,21:00,Haut,108875.7,
28/05/2023,21:00,Bas,184660.7,
28/05/2023,21:00,Solar,2340,
01/06/2023,21:00,Haut,108882.7,
01/06/2023,21:00,Bas,184546.7,
01/06/2023,21:00,Solar,2450,
01/06/2023,21:00,Pisc,6156.9,
09/06/2023,21:00,Pisc,6302,
09/06/2023,21:00,Eau,2039.1,
09/06/2023,21:00,Haut,108833,
09/06/2023,21:00,Bas,184402,
09/06/2023,21:00,Solar,2960,
21/06/2023,21:00,Solar,3510,
08/07/2023,23:00,Pisc,6731.1,
08/07/2023,23:00,Eau,2046.44,
08/07/2023,23:00,Haut,108731.5,
08/07/2023,23:00,Bas,184085.5,
08/07/2023,23:00,Solar,4210,
06/08/2023,20:00,Pisc,7281.4,
06/08/2023,20:00,Eau,2052.19,
06/08/2023,20:00,Haut,108810.5,
06/08/2023,20:00,Bas,184020.5,
06/08/2023,20:00,Solar,5170,
08/09/2023,18:00,Pisc,7923.1,
08/09/2023,18:00,Eau,2058.52,
08/09/2023,18:00,Haut,108837.1,
08/09/2023,18:00,Bas,183934.5,
08/09/2023,18:00,Solar,6320,
09/04/2023,17:00,Boiler,480,
12/04/2023,06:42,Boiler,494.5,
08/09/2023,18:00,Boiler,987.5,
12/10/2023,18:00,Pisc,8808.6,
12/10/2023,18:00,Haut,109019,
12/10/2023,18:00,Bas,184260,
12/10/2023,18:00,Solar,7100,
12/10/2023,18:00,Boiler,1097.8,
13/11/2023,20:00,Pisc,8994.8,
13/11/2023,20:00,Eau,2072.15,
13/11/2023,20:00,Haut,109257.9,
13/11/2023,20:00,Bas,184297.7,
13/11/2023,20:00,Solar,7400,
13/11/2023,20:00,Boiler,1232.7,
04/12/2023,20:00,Solar,7490,
09/12/2023,18:00,Pisc,8998,
09/12/2023,18:00,Eau,2078,
09/12/2023,18:00,Haut,109440,
09/12/2023,18:00,Bas,184634,
09/12/2023,18:00,Solar,7500,
09/12/2023,18:00,Boiler,1347,
06/01/2024,20:00,Pisc,9001.1,
06/01/2024,20:00,Eau,2085,
06/01/2024,20:00,Haut,109704,
06/01/2024,20:00,Bas,184847,
01/01/2024,20:00,Solar,7580,
06/01/2024,20:00,Boiler,1489,
09/02/2024,20:00,Pisc,9002.2,
09/02/2024,20:00,Eau,2091.42,
09/02/2024,20:00,Haut,109936,
09/02/2024,20:00,Bas,185108,
09/02/2024,20:00,Solar,7700,
09/02/2024,20:00,Boiler,1645.7,
08/03/2024,21:00,Pisc,9003.9,
08/03/2024,21:00,Eau,2098,
08/03/2024,21:00,Haut,110053,
08/03/2024,21:00,Bas,185153,
08/03/2024,21:00,Solar,8400,
08/03/2024,21:00,Boiler,1763.3,
08/04/2024,21:00,Pisc,9015.3,
08/04/2024,21:00,Eau,2104.99,
08/04/2024,21:00,Haut,110109,
08/04/2024,21:00,Bas,185030,
08/04/2024,21:00,Solar,8730,
08/04/2024,21:00,Boiler,1883.5,
09/05/2024,21:00,Pisc,9631,
09/05/2024,21:00,Haut,110327,
09/05/2024,21:00,Bas,185120,
09/05/2024,21:00,Eau,2114,
09/05/2024,21:00,Boiler,2007.6,
09/05/2024,21:00,Solar,9600,
12/06/2024,19:00,Solar,10700,
12/06/2024,19:00,Boiler,2116.6,
12/06/2024,19:00,Pisc,10443,
12/06/2024,19:00,Haut,110394,
12/06/2024,19:00,Bas,185262,
11/08/2024,19:00,Eau,2134,
11/08/2024,19:00,Solar,12870,
11/08/2024,19:00,Boiler,2295,
11/08/2024,19:00,Pisc,11455,
11/08/2024,19:00,Haut,110382,
11/08/2024,19:00,Bas,184993,
12/09/2024,19:00,Eau,2150,
12/09/2024,19:00,Solar,13900,
12/09/2024,19:00,Boiler,2387,
12/09/2024,19:00,Pisc,11966.4,
12/09/2024,19:00,Haut,110382,
12/09/2024,19:00,Bas,184870,
12/10/2024,19:00,Eau,2157,
12/10/2024,11:00,Solar,14500,
12/10/2024,11:00,Boiler,2492.6,
12/10/2024,11:00,Pisc,12337.3,
12/10/2024,11:00,Haut,110455,
12/10/2024,11:00,Bas,185032,
11/11/2024,12:00,Eau,2165,
11/11/2024,12:00,Solar,14700,
11/11/2024,12:00,Boiler,2605,
11/11/2024,12:00,Pisc,12342,
11/11/2024,12:00,Haut,110599,
11/11/2024,12:00,Bas,185100,
12/12/2024,21:00,Eau,2173,
12/12/2024,21:00,Solar,14700,
12/12/2024,21:00,Boiler,2746,
12/12/2024,21:00,Pisc,12342.8,
12/12/2024,21:00,Haut,110790,
12/12/2024,21:00,Bas,185370,
15/01/2025,22:26,Eau,2182.3,
15/01/2025,22:26,Solar,15100,
15/01/2025,22:26,Boiler,2902.04,
15/01/2025,22:26,Pisc,12342.8,
15/01/2025,22:26,Haut,111056,
15/01/2025,22:26,Bas,185668,
12/02/2025,20:30,Eau,2189.3,
12/02/2025,20:30,Solar,15260,
12/02/2025,20:30,Boiler,3042.8,
12/02/2025,20:30,Pisc,12342.8,
12/02/2025,20:30,Haut,111232,
12/02/2025,20:30,Bas,185865,
13/03/2025,20:30,Eau,2197,
13/03/2025,20:30,Solar,15590,
13/03/2025,20:30,Boiler,3074,
13/03/2025,20:30,Pisc,12343,
13/03/2025,20:30,Haut,111304,
13/03/2025,20:30,Bas,185802,
08/04/2025,23:30,Eau,2205,
08/04/2025,23:30,Boiler,3285,
08/04/2025,23:30,Pisc,12344,
08/04/2025,23:30,Haut,111234,
08/04/2025,23:30,Bas,185497,
11/05/2025,23:30,Eau,2214,
11/05/2025,23:30,Boiler,3402,
11/05/2025,23:30,Pisc,12932,
11/05/2025,23:30,Haut,111301,
11/05/2025,23:30,Bas,185428,
11/05/2025,23:30,Solar,16730,
13/06/2025,10:00,Solar,19050,
12/07/2025,14:00,Eau,2230,
12/07/2025,14:00,Boiler,3600,
12/07/2025,14:00,Pisc,14072,
12/07/2025,14:00,Haut,111355,
12/07/2025,14:00,Bas,184953,
12/07/2025,14:00,Solar,19380,
24/07/2025,14:00,Haut,111345.4,
24/07/2025,14:00,Bas,184853.3,
24/07/2025,14:00,CJour,0.366,
24/07/2025,14:00,CNuit,0,
24/07/2025,14:00,PJour,0.034,
24/07/2025,14:00,PNuit,0,
10/08/2025,14:00,Eau,2237.25,
10/08/2025,14:00,Boiler,3700,
10/08/2025,14:00,Pisc,14532,
10/08/2025,14:00,CJour,107.718,
10/08/2025,14:00,CNuit,121.578,
10/08/2025,14:00,PJour,177.426,
10/08/2025,14:00,PNuit,78.104,
10/08/2025,14:00,Solar,19380,
15/09/2025,20:44,Eau,2244.83,
15/09/2025,20:44,Boiler,3813.3,
15/09/2025,20:44,Pisc,15309,
15/09/2025,20:44,CJour,381.711,
15/09/2025,20:44,CNuit,383.865,
15/09/2025,20:44,PJour,541.613,
15/09/2025,20:44,PNuit,204.353,
15/09/2025,20:44,Solar,21520,
12/10/2025,20:44,Eau,2251.83,
12/10/2025,20:44,Boiler,3899.3,
12/10/2025,20:44,Pisc,15720,
12/10/2025,20:44,CJour,653.386,
12/10/2025,20:44,CNuit,571.683,
12/10/2025,20:44,PJour,604.601,
12/10/2025,20:44,PNuit,227.018,
12/10/2025,20:44,Solar,21956,
12/11/2025,20:44,Eau,2260.83,
12/11/2025,20:44,Boiler,4027.3,
12/11/2025,20:44,Pisc,15720,
12/11/2025,20:44,CJour,793.145,
12/11/2025,20:44,CNuit,773.2,
12/11/2025,20:44,PJour,682,145
12/11/2025,20:44,PNuit,256,504
12/11/2025,20:44,Solar,22267,
11/12/2025,11:00,Eau,2268.83,
11/12/2025,11:00,Boiler,4161.3,
11/12/2025,11:00,Pisc,15721,
11/12/2025,21:00,CJour,1090.44,
11/12/2025,21:00,CNuit,1002.96,
11/12/2025,21:00,PJour,711.84,
11/12/2025,21:00,PNuit,261.52,
11/12/2025,21:00,Solar,22400,
23/01/2026,11:00,Eau,2280,
20/01/2026,11:00,Boiler,4361,
20/01/2026,11:00,Pisc,15723,
20/01/2026,11:00,CJour,1518.6,
20/01/2026,11:00,CNuit,1390,
20/01/2026,11:00,PJour,726.6,
20/01/2026,11:00,PNuit,274.5,
20/01/2026,11:00,Solar,22410,
13/02/2026,16:00,Pisc,15723,
13/02/2026,16:00,CJour,1681,
13/02/2026,16:00,CNuit,1621,
13/02/2026,16:00,PJour,741,
13/02/2026,16:00,PNuit,310,
13/02/2026,16:00,Solar,22410,
13/02/2026,16:00,Eau,2286,
13/02/2026,16:00,Boiler,4485,
20/03/2026,21:30,Pisc,15773,
20/03/2026,21:30,CJour,1852,
20/03/2026,21:30,CNuit,1853,
20/03/2026,21:30,PJour,842,
20/03/2026,21:30,PNuit,523,
20/03/2026,21:30,Solar,23510,
20/03/2026,21:30,Eau,2295,
20/03/2026,21:30,Boiler,4648,
11/04/2026,11:10,Pisc,15855,
10/04/2026,21:30,CJour,1960,
10/04/2026,21:30,CNuit,1991,
10/04/2026,21:30,PJour,932,
10/04/2026,21:30,PNuit,731,
11/04/2026,11:10,Solar,23510,
11/04/2026,11:10,Eau,2304,
11/04/2026,11:10,Boiler,4750,
07/05/2026,15:30,Pisc,16630,
07/05/2026,15:30,CJour,2273,
07/05/2026,15:30,CNuit,2309,
07/05/2026,15:30,PJour,1039,
07/05/2026,15:30,PNuit,887,
12/05/2026,22:00,Solar,24900,
07/05/2026,15:30,Eau,2312,
07/05/2026,15:30,Boiler,4873,
,,,,
16/06/2026,19:55,Pisc,17500,
16/06/2026,19:55,CJour,2567,
16/06/2026,19:55,CNuit,2679,
16/06/2026,19:55,PJour,1230,
16/06/2026,19:55,PNuit,1205,
17/06/2026,11:56,Solar,24900,
16/06/2026,19:55,Eau,2323,
16/06/2026,19:55,Boiler,5033,
,,,,
,,,,
03/07/2026,11:30,Eau,2331,
12/07/2026,13:00,Pisc,17838,
12/07/2026,13:00,CJour,2631,
12/07/2026,13:00,CNuit,2764,
12/07/2026,13:00,PJour,1445,
12/07/2026,13:00,PNuit,1600,
12/07/2026,13:00,Solar,27400,
12/07/2026,13:00,Boiler,5096,
,,,,
12/07/2026,13:00,Pisc,17838,
12/07/2026,13:00,CJour,2631,
12/07/2026,13:00,CNuit,2764,
12/07/2026,13:00,PJour,1445,
12/07/2026,13:00,PNuit,1600,
12/07/2026,13:00,Solar,27400,
12/07/2026,13:00,Eau,2333,
12/07/2026,13:00,Boiler,5096,
,,,,
13/08/2026,10:30,Pisc,18286,
13/08/2026,10:30,CJour,2745,
13/08/2026,10:30,CNuit,2886,
13/08/2026,10:30,PJour,1655,
13/08/2026,10:30,PNuit,2008,
17/08/2026,18:30,Solar,28900,
13/08/2026,10:30,Eau,2343,
13/08/2026,10:30,Boiler,5181,
,,,,
09/03/2026,19:00,Pisc,18673,
09/03/2026,19:00,CJour,2905,
09/03/2026,19:00,CNuit,3035,
09/03/2026,19:00,PJour,1713,
09/03/2026,19:00,PNuit,2186,
09/03/2026,19:00,Solar,29300,
03/09/2026,19:00,Eau,2349,
09/03/2026,19:00,Boiler,5249,
09/03/2026,19:00,Mazout,17594,
